{
    "MoveSpeed": 0.5,
    "MoveSpeed Controller": 0.10000000149011612,
    "Rotate": {
        "x": 0.0,
        "y": 0.0,
        "z": 0.0
    },
    "RotateSpeed": 0.05000000074505806,
    "RotateSpeed Controller": 0.004999999888241291,
    "Translate": {
        "x": 15.880000114440918,
        "y": 17.799999237060547,
        "z": -82.5
    }
}