{
    "Rotate": {
        "x": 0.0,
        "y": 0.0,
        "z": 0.0
    },
    "Translate": {
        "x": 17.979999542236328,
        "y": 18.899999618530273,
        "z": -87.5999984741211
    }
}