{
    "Rotate": {
        "x": 0.0,
        "y": 0.0,
        "z": 0.0
    },
    "Translate": {
        "x": 15.880000114440918,
        "y": 19.899999618530273,
        "z": -82.5
    }
}