{
    "Rotate": {
        "x": 0.0,
        "y": 0.0,
        "z": 0.0
    },
    "Translate": {
        "x": 15.899999618530273,
        "y": 5.300000190734863,
        "z": -75.0
    }
}