{
    "OffSet Translate": {
        "x": 15.880000114440918,
        "y": 16.0,
        "z": -82.9000015258789
    },
    "Rotate": {
        "x": 0.0,
        "y": 0.0,
        "z": 0.0
    }
}