{
    "OffSet Translate": {
        "x": 14.0,
        "y": 12.399999618530273,
        "z": -82.69999694824219
    },
    "Rotate": {
        "x": 0.0,
        "y": 0.0,
        "z": 0.0
    }
}