{
    "OffSet Translate": {
        "x": 15.880000114440918,
        "y": 9.300000190734863,
        "z": -82.5
    },
    "Rotate": {
        "x": 0.0,
        "y": 0.0,
        "z": 0.0
    },
    "ズーム時のZのオフセット": -40.0
}