{
    "Aサイズ": {
        "x": 200.0,
        "y": 100.0
    },
    "Y": 526.5999755859375,
    "offset": {
        "x": -134.6999969482422,
        "y": 110.9000015258789,
        "z": 0.0
    },
    "ゴール": 817.0,
    "サイズ": {
        "x": 100.0,
        "y": 193.10000610351563
    },
    "スタート": 1280.0
}