{
    "Aサイズ": {
        "x": 198.96646118164063,
        "y": 99.48323059082031
    },
    "Y": 526.5999755859375,
    "offset": {
        "x": -40.900001525878906,
        "y": 165.6999969482422,
        "z": 0.0
    },
    "ゴール": 817.0,
    "サイズ": {
        "x": 100.0,
        "y": 193.10000610351563
    },
    "スタート": 1280.0
}