{
    "OffsetTitle": {
        "x": 648.0999755859375,
        "y": 217.8000030517578,
        "z": 0.0
    }
}