{
    "OffsetCtrl": {
        "x": 150.6999969482422,
        "y": 561.2000122070313,
        "z": 0.0
    },
    "OffsetTitle": {
        "x": 651.5,
        "y": 217.8000030517578,
        "z": 0.0
    }
}