{
    "HPの位置": {
        "x": 1000.0,
        "y": 310.0,
        "z": 0.0
    },
    "ブーストの位置": {
        "x": 1100.0,
        "y": 200.0,
        "z": 0.0
    },
    "プレイヤー追従してるヨダレの位置": {
        "x": 0.0,
        "y": 0.0,
        "z": 0.0
    },
    "ヨダレの位置": {
        "x": 1109.699951171875,
        "y": 177.1999969482422,
        "z": 0.0
    },
    "草の位置": {
        "x": 20.0,
        "y": -40.0,
        "z": 0.0
    }
}