{
    "ハートの位置": {
        "x": 1015.0,
        "y": 97.30000305175781,
        "z": 0.0
    },
    "ブーストの操作アイコンの位置": {
        "x": 1100.0,
        "y": 208.8000030517578,
        "z": 0.0
    },
    "プレイヤー追従してるヨダレの位置": {
        "x": 76.80000305175781,
        "y": 22.899999618530273,
        "z": 0.0
    },
    "マップの位置": {
        "x": 20.0,
        "y": 80.0,
        "z": 0.0
    },
    "ヨダレの操作アイコンの位置": {
        "x": 1120.0,
        "y": 184.6999969482422,
        "z": 0.0
    },
    "草の位置": {
        "x": 20.0,
        "y": -40.0,
        "z": 0.0
    }
}