{
    "Offset": {
        "x": 20.0,
        "y": -68.0,
        "z": 0.0
    },
    "OffsetGrass": {
        "x": 0.0,
        "y": 55.0,
        "z": 0.0
    },
    "OffsetYodare": {
        "x": 49.900001525878906,
        "y": 6.400000095367432,
        "z": 0.0
    }
}