{
    "Offset": {
        "x": 20.0,
        "y": -68.0,
        "z": 0.0
    },
    "OffsetGrass": {
        "x": 0.0,
        "y": 55.0,
        "z": 0.0
    },
    "OffsetYodare": {
        "x": 85.5,
        "y": 6.400000095367432,
        "z": 0.0
    },
    "offsetYodareop_": {
        "x": 1129.0999755859375,
        "y": 175.1999969482422,
        "z": 0.0
    }
}