{
    "その他.オフセット": {
        "x": 0.0,
        "y": 0.0,
        "z": 0.0
    },
    "その他.ビルボード": true,
    "その他.ブレンドモード": 2,
    "カラー.アルファ": 1.0,
    "カラー.最大": {
        "x": 1.0,
        "y": 1.0,
        "z": 1.0
    },
    "カラー.最小": {
        "x": 0.800000011920929,
        "y": 0.800000011920929,
        "z": 0.800000011920929
    },
    "スケール.最大": {
        "x": 0.800000011920929,
        "y": 0.800000011920929,
        "z": 0.800000011920929
    },
    "スケール.最小": {
        "x": 0.5,
        "y": 0.5,
        "z": 0.5
    },
    "ランダム.中心から": false,
    "ランダム.加速度": 0.019999999552965164,
    "ランダム.方向最大": {
        "x": 1.0,
        "y": 1.0,
        "z": 1.0
    },
    "ランダム.方向最小": {
        "x": -1.0,
        "y": -1.0,
        "z": -1.0
    },
    "ランダム.有効": true,
    "位置.最大": {
        "x": 0.0,
        "y": 0.0,
        "z": 0.0
    },
    "位置.最小": {
        "x": 0.0,
        "y": 0.0,
        "z": 0.0
    },
    "回転.最大": {
        "x": 0.0,
        "y": 0.0,
        "z": 0.0
    },
    "回転.最小": {
        "x": 0.0,
        "y": 0.0,
        "z": 0.0
    },
    "寿命.時間": {
        "x": 1.0,
        "y": 2.0
    },
    "速度.最大": {
        "x": 1.0,
        "y": 1.0,
        "z": 1.0
    },
    "速度.最小": {
        "x": -1.0,
        "y": -1.0,
        "z": -1.0
    }
}