{
    "UV.UVT": {
        "x": 0.28330686688423157,
        "y": 0.4582894444465637
    },
    "UV.UVアニメーションON": true,
    "UV.UVスケール": {
        "x": 1.0,
        "y": 1.0
    },
    "UV.UV回転": 1.7999999523162842,
    "UV.UV速度X": 1.0,
    "UV.UV速度Y": 1.2000000476837158,
    "その他.オフセット": {
        "x": 0.0,
        "y": 0.0,
        "z": 0.0
    },
    "その他.ビルボード": true,
    "その他.ブレンドモード": 2,
    "カラー.アルファ": 1.0,
    "カラー.最大": {
        "x": 1.0,
        "y": 1.0,
        "z": 1.0
    },
    "カラー.最小": {
        "x": 0.800000011920929,
        "y": 0.800000011920929,
        "z": 0.800000011920929
    },
    "スケール.Y軸のスケールの最大最小": {
        "x": 0.0,
        "y": 1.0
    },
    "スケール.Y軸をランダムのスケールで生成": false,
    "スケール.小さくなって消える": false,
    "スケール.最大": {
        "x": 0.800000011920929,
        "y": 0.800000011920929,
        "z": 0.800000011920929
    },
    "スケール.最小": {
        "x": 0.5,
        "y": 0.5,
        "z": 0.5
    },
    "ランダム.Z軸をランダムに回転": false,
    "ランダム.ランダムの方向に飛ばす": false,
    "ランダム.中心からランダム": false,
    "ランダム.加速度": 0.5199999809265137,
    "ランダム.方向最大": {
        "x": 1.0,
        "y": 1.0,
        "z": 1.0
    },
    "ランダム.方向最小": {
        "x": -1.0,
        "y": -1.0,
        "z": -1.0
    },
    "ランダム.有効": true,
    "位置.最大": {
        "x": 2.0,
        "y": 2.0,
        "z": 0.0
    },
    "位置.最小": {
        "x": -2.0,
        "y": -2.0,
        "z": 0.0
    },
    "回転.方向へ回転": false,
    "回転.最大": {
        "x": 0.0,
        "y": 0.0,
        "z": 0.0
    },
    "回転.最小": {
        "x": 0.0,
        "y": 0.0,
        "z": 0.0
    },
    "寿命.時間": {
        "x": 1.0,
        "y": 1.0
    },
    "速度.方向": {
        "x": 1.0,
        "y": 1.0,
        "z": 0.0
    },
    "速度.最大": {
        "x": 3.200000047683716,
        "y": 4.099999904632568,
        "z": 0.0
    },
    "速度.最小": {
        "x": 0.0,
        "y": 0.0,
        "z": 0.0
    },
    "速度.速度": 0.0
}