{
    "X座標の最大": 30.5,
    "X座標の最小": 3.5,
    "Y座標の上昇速度": 0.10000000149011612,
    "Y座標の初期位置": 0.0,
    "よだれエリアの大きさ": {
        "x": 8.0,
        "y": 5.0,
        "z": 5.0
    },
    "コライダーのYスケールオフセット": 1.7000000476837158,
    "コライダーのY座標オフセット": 3.9000000953674316,
    "何個目のチェックポイントから気球が出てくるか": 0,
    "気球の大きさ": {
        "x": 2.5,
        "y": 2.5,
        "z": 2.5
    }
}