{
    "X座標の最大": 30.5,
    "X座標の最小": 3.5,
    "Y座標の上昇速度": 0.20000000298023224,
    "Y座標の初期位置": -4.0,
    "よだれエリアの大きさ": {
        "x": 5.5,
        "y": 3.5,
        "z": 3.5
    },
    "コライダーのYスケールオフセット": 1.7000000476837158,
    "コライダーのY座標オフセット": 3.299999952316284,
    "何個目のチェックポイントから気球が出てくるか": 0,
    "気球の大きさ": {
        "x": 2.0,
        "y": 2.0,
        "z": 2.0
    }
}