{
    "rotate": {
        "x": 0.0,
        "y": 0.0,
        "z": 0.0
    },
    "scale": {
        "x": 8.100000381469727,
        "y": 6.699999809265137,
        "z": 4.5
    },
    "translate": {
        "x": 23.0,
        "y": 12.0,
        "z": 20.0
    }
}