{
    "Offset": {
        "x": -5.599999904632568,
        "y": -55.79999923706055,
        "z": 0.0
    },
    "OffsetReadUI": {
        "x": 647.2000122070313,
        "y": 355.1000061035156,
        "z": 0.0
    },
    "Rotate": {
        "x": 0.0,
        "y": 1.559999942779541,
        "z": 0.0
    }
}