{
    "Offset": {
        "x": -5.599999904632568,
        "y": -55.79999923706055,
        "z": 0.0
    },
    "OffsetReadUI": {
        "x": 647.2000122070313,
        "y": 355.1000061035156,
        "z": 0.0
    },
    "Rotate": {
        "x": 0.0,
        "y": 1.559999942779541,
        "z": 0.0
    },
    "Translate": {
        "x": 22.100000381469727,
        "y": 4.199999809265137,
        "z": 0.0
    },
    "offsetUI_": {
        "x": 1055.300048828125,
        "y": 603.5999755859375,
        "z": 0.0
    }
}