{
    "Rotate": {
        "x": 0.0,
        "y": 0.0,
        "z": 0.0
    },
    "Translate": {
        "x": 24.999977111816406,
        "y": 1.9999983310699463,
        "z": -4.735953296197692e-10
    },
    "カメラの移動速度": 0.10000000149011612
}