{
    "頭の位置": {
        "x": 16.299999237060547,
        "y": -2.299999952316284,
        "z": 0.0
    },
    "首の位置": {
        "x": 16.299999237060547,
        "y": -2.299999952316284,
        "z": 0.0
    }
}