{
    "スケール": {
        "x": 3.0,
        "y": 3.0,
        "z": 1.0
    },
    "リセット距離": 0.0,
    "位置": {
        "x": 37.400001525878906,
        "y": 47.400001525878906,
        "z": 80.0
    },
    "移動速度": 0.0
}