{
    "スケール": {
        "x": 3.0,
        "y": 3.0,
        "z": 1.0
    },
    "リセット距離": 0.0,
    "位置": {
        "x": -7.199999809265137,
        "y": 48.400001525878906,
        "z": 79.4000015258789
    },
    "移動速度": 0.0
}