{
    "リセット距離": 0.0,
    "移動速度": 0.0,
    "雲1.スケール": {
        "x": 2.0,
        "y": 2.0,
        "z": 1.0
    },
    "雲1.位置": {
        "x": 4.900000095367432,
        "y": 24.5,
        "z": 10.0
    },
    "雲2.スケール": {
        "x": 2.0,
        "y": 2.0,
        "z": 1.0
    },
    "雲2.位置": {
        "x": 31.200000762939453,
        "y": 36.900001525878906,
        "z": 10.0
    }
}