{
    "スケール": {
        "x": 3.0,
        "y": 3.0,
        "z": 1.0
    },
    "リセット距離": 0.0,
    "位置": {
        "x": 42.79999923706055,
        "y": -1.100000023841858,
        "z": 79.69999694824219
    },
    "移動速度": 0.0
}