{
    "スケール": {
        "x": 3.0,
        "y": 3.0,
        "z": 1.0
    },
    "リセット距離": 0.0,
    "位置": {
        "x": 2.299999952316284,
        "y": -14.399999618530273,
        "z": 80.0
    },
    "移動速度": 0.0
}