{
    "MoveSpeed": 0.5,
    "MoveSpeed Controller": 3.0,
    "Rotate": {
        "x": 0.3953305780887604,
        "y": 6.661847114562988,
        "z": 0.0
    },
    "RotateSpeed": 0.25,
    "RotateSpeed Controller": 0.014999999664723873,
    "Translate": {
        "x": -1.4783663749694824,
        "y": 8.987058639526367,
        "z": -16.29610252380371
    }
}