{
    "rotate": {
        "x": 0.0,
        "y": -3.200000047683716,
        "z": 0.0
    },
    "scale": {
        "x": 15.0,
        "y": 15.100000381469727,
        "z": 2.0
    },
    "translate": {
        "x": 19.600000381469727,
        "y": 88.69999694824219,
        "z": 5.0
    }
}