{
    "rotate": {
        "x": 0.0,
        "y": -3.200000047683716,
        "z": 0.0
    },
    "scale": {
        "x": 15.300000190734863,
        "y": 15.100000381469727,
        "z": 18.399999618530273
    },
    "translate": {
        "x": 17.700000762939453,
        "y": 88.69999694824219,
        "z": 27.100000381469727
    }
}