{
    "rotate": {
        "x": 0.0,
        "y": -3.200000047683716,
        "z": 0.0
    },
    "scale": {
        "x": 9.399999618530273,
        "y": 10.399999618530273,
        "z": 18.399999618530273
    },
    "translate": {
        "x": 18.0,
        "y": 71.30000305175781,
        "z": 27.100000381469727
    }
}