{
    "BGM音量": 0.517241358757019,
    "SE音量": 0.24137932062149048
}