{
    "BGM音量": 0.8275861740112305,
    "SE音量": 0.2298850417137146
}