{
    "BGM音量": 0.6839080452919006,
    "SE音量": 0.24137932062149048
}