{
    "BGM音量": 0.6005747318267822,
    "SE音量": 0.09770113229751587
}