{
    "BGM音量": 0.5718390941619873,
    "SE音量": 0.002873539924621582
}