{
    "rotate": {
        "x": 0.0,
        "y": 0.0,
        "z": 0.0
    },
    "scale": {
        "x": 12.0,
        "y": 29.799999237060547,
        "z": 5.5
    },
    "translate": {
        "x": 18.799999237060547,
        "y": 44.900001525878906,
        "z": 10.0
    }
}