{
    "rotate": {
        "x": 0.0,
        "y": 0.0,
        "z": 0.0
    },
    "scale": {
        "x": 12.0,
        "y": 22.799999237060547,
        "z": 5.5
    },
    "translate": {
        "x": 18.799999237060547,
        "y": 36.099998474121094,
        "z": 21.100000381469727
    }
}