{
    "HPの最大値": 3,
    "コンボタイマー持続秒数": 5.0,
    "ブーストのクールタイム": 5.0,
    "ブーストの最大効果時間": 1.0,
    "ブースト時の速度": 0.20000000298023224,
    "位置": {
        "x": 16.0,
        "y": 4.0,
        "z": 0.0
    },
    "大きい草の回復量(sec)": 3.0,
    "帰還時の速度": 1.0,
    "方向転換できるまでの距離": 2.0999999046325684,
    "最大コンボ数": 3,
    "無敵時間": 2.0,
    "草が詰まるまでの時間": 2.5,
    "草ゲージの最大値": 2,
    "通常の草の回復量(sec)": 1.0,
    "通常時の移動速度": 0.05000000074505806
}