{
    "HPの最大値": 3,
    "コンボタイマー持続秒数": 5.0,
    "スティックUIのオフセット": {
        "x": -39.099998474121094,
        "y": -32.70000076293945,
        "z": 0.0
    },
    "ブーストのクールタイム": 5.0,
    "ブーストの最大効果時間": 1.0,
    "ブースト時の速度": 0.20000000298023224,
    "体の位置": {
        "x": 16.0,
        "y": 4.400000095367432,
        "z": 0.0
    },
    "大きい草の回復量(sec)": 3.0,
    "帰還時の速度": 1.0,
    "方向転換できるまでの距離": 2.0999999046325684,
    "最大コンボ数": 3,
    "無敵時間": 2.0,
    "草が詰まるまでの時間": 2.5,
    "草ゲージの最大値": 2,
    "説明のUIが表示されるまでの時間": 7.0,
    "通常の草の回復量(sec)": 1.0,
    "通常時の移動速度": 0.05000000074505806,
    "頭の位置": {
        "x": 16.0,
        "y": 6.199999809265137,
        "z": 0.0
    }
}