{
    "位置": {
        "x": 16.600000381469727,
        "y": 75.0,
        "z": 0.0
    },
    "回転": {
        "x": 0.0,
        "y": 2.9000000953674316,
        "z": 0.0
    },
    "拡大": {
        "x": 5.0,
        "y": 5.0,
        "z": 5.0
    }
}