{
    "タイマーの限界値": 10.0,
    "ブースト時の速度": 0.11999999731779099,
    "帰還時の速度": 1.0,
    "通常時の移動速度": 0.06499999761581421
}