{
    "タイマーの限界値": 41.599998474121094,
    "ブースト時の速度": 0.20000000298023224,
    "帰還時の速度": 1.0,
    "通常時の移動速度": 0.10000000149011612
}