{
    "OBB Offset Center X": -1.399999976158142,
    "OBB Offset Center Y": -1.7000000476837158,
    "OBB Offset Center Z": 0.0,
    "OBB Offset Euler (degrees)": {
        "x": 0.0,
        "y": 0.0,
        "z": 0.0
    },
    "OBB Offset Size X": 2.0999999046325684,
    "OBB Offset Size Y": 3.0,
    "OBB Offset Size Z": 1.0
}