{
    "OBB Offset Center X": -0.20000000298023224,
    "OBB Offset Center Y": -1.600000023841858,
    "OBB Offset Center Z": 0.0,
    "OBB Offset Euler (degrees)": {
        "x": 0.0,
        "y": 0.0,
        "z": 0.0
    },
    "OBB Offset Size X": 2.0999999046325684,
    "OBB Offset Size Y": 3.0,
    "OBB Offset Size Z": 1.0
}