{
    "offset": {
        "x": 65.5,
        "y": -37.400001525878906,
        "z": 0.0
    },
    "up_": 0.05000000074505806,
    "体.上がる力": 25.0,
    "体.体の位置": {
        "x": -1.2999999523162842,
        "y": -3.5,
        "z": 0.0
    },
    "体.体の回転": {
        "x": 0.0,
        "y": 0.0,
        "z": 0.0
    },
    "通常時の移動速度": 3.0,
    "頭.root": {
        "x": 14.259361267089844,
        "y": 5.900000095367432,
        "z": 0.0
    },
    "頭.頭の位置": {
        "x": 15.459360122680664,
        "y": 6.199999809265137,
        "z": -0.0015869041671976447
    },
    "頭.頭の回転": {
        "x": 0.0,
        "y": -3.140270233154297,
        "z": 0.0
    },
    "首.首の位置": {
        "x": -1.2000000476837158,
        "y": -1.7000000476837158,
        "z": 0.0
    },
    "首.首の回転": {
        "x": 0.0,
        "y": 0.0,
        "z": 0.0
    }
}