{
    "体.体の位置": {
        "x": 0.0,
        "y": -3.5,
        "z": 0.0
    },
    "体.体の回転": {
        "x": 0.0,
        "y": 0.0,
        "z": 0.0
    },
    "通常時の移動速度": 3.0,
    "頭.頭の位置": {
        "x": 8.60581111907959,
        "y": 5.800000190734863,
        "z": 0.0
    },
    "頭.頭の回転": {
        "x": 0.0,
        "y": 9.399999618530273,
        "z": 0.0
    },
    "首.首の位置": {
        "x": 0.0,
        "y": -1.899999976158142,
        "z": 0.0
    },
    "首.首の回転": {
        "x": 0.0,
        "y": 0.0,
        "z": 0.0
    }
}