{
    "offset": {
        "x": 65.5,
        "y": -37.400001525878906,
        "z": 0.0
    },
    "up_": 0.10000000149011612,
    "体.上がる力": 25.0,
    "体.体の位置": {
        "x": -0.10000000149011612,
        "y": -1.600000023841858,
        "z": 0.0
    },
    "体.体の回転": {
        "x": 0.0,
        "y": 0.0,
        "z": 0.0
    },
    "通常時の移動速度": 3.0,
    "頭.root": {
        "x": 13.575494766235352,
        "y": 5.900000095367432,
        "z": 0.0
    },
    "頭.頭の位置": {
        "x": 13.675495147705078,
        "y": 6.0,
        "z": 8.742278012618954e-09
    },
    "頭.頭の回転": {
        "x": 0.0,
        "y": -3.1415927410125732,
        "z": 0.0
    },
    "首.首の位置": {
        "x": -0.10000000149011612,
        "y": 0.10000000149011612,
        "z": 0.0
    },
    "首.首の回転": {
        "x": 0.0,
        "y": 0.0,
        "z": 0.0
    }
}