{
    "offset": {
        "x": 65.5,
        "y": -37.400001525878906,
        "z": 0.0
    },
    "up_": 0.05000000074505806,
    "体.上がる力": 25.0,
    "体.体の位置": {
        "x": -0.10000000149011612,
        "y": -3.5,
        "z": 0.0
    },
    "体.体の回転": {
        "x": 0.0,
        "y": 0.0,
        "z": 0.0
    },
    "通常時の移動速度": 3.0,
    "頭.root": {
        "x": 15.760204315185547,
        "y": 5.900000095367432,
        "z": 0.0
    },
    "頭.頭の位置": {
        "x": 15.66020393371582,
        "y": 6.199999809265137,
        "z": 0.0
    },
    "頭.頭の回転": {
        "x": 0.0,
        "y": -0.0,
        "z": 0.0
    },
    "首.首の位置": {
        "x": -0.10000000149011612,
        "y": -1.7000000476837158,
        "z": 0.0
    },
    "首.首の回転": {
        "x": 0.0,
        "y": 0.0,
        "z": 0.0
    }
}