{
    "offset": {
        "x": 65.5,
        "y": -37.400001525878906,
        "z": 0.0
    },
    "体.体の位置": {
        "x": 0.5,
        "y": -3.5,
        "z": 0.0
    },
    "体.体の回転": {
        "x": 0.0,
        "y": 0.0,
        "z": 0.0
    },
    "通常時の移動速度": 3.0,
    "頭.root": {
        "x": 11.028024673461914,
        "y": 5.900000095367432,
        "z": 0.0
    },
    "頭.頭の位置": {
        "x": 11.62802505493164,
        "y": 6.199999809265137,
        "z": 0.0
    },
    "頭.頭の回転": {
        "x": 0.0,
        "y": 9.399999618530273,
        "z": 0.0
    },
    "首.首の位置": {
        "x": 0.6000000238418579,
        "y": -1.7000000476837158,
        "z": 0.0
    },
    "首.首の回転": {
        "x": 0.0,
        "y": 0.0,
        "z": 0.0
    }
}